model,test_auc,test_f1,test_acc,test_brier,test_logloss
catboost cv mean,0.8382361743553604,0.7731208867336335,0.754405699287589,0.1628067484959968,0.4931281578674943
