model,test_auc,test_f1,test_acc,auc_minus_baseline
logistic baseline,0.8250424075278727,0.7726194510335479,0.7484064491938508,0.0
catboost tuned,0.8355002958927377,0.7691242644513673,0.7499062617172854,0.010457888364864942
