,true,pred,mean_prob,std_prob,mean_logit,std_logit,correct
8646,0,1,0.5736143472417552,0.15322789661457728,0.32683082705202343,0.6656516388126156,0
21974,1,1,0.5664345007541705,0.13159816538523345,0.29121776281633105,0.5593027460034049,1
21195,0,0,0.2031972042241506,0.06872530866796726,-1.4509245637761121,0.549704408907237,1
7380,0,0,0.49581518069672603,0.12748410848025285,-0.026037120217234266,0.5360840927184501,1
4668,1,1,0.5759522312838301,0.12213598570997844,0.33282670343025234,0.5330194925358926,1
