iter	Logloss
0	0.6888698145
1	0.6847032559
2	0.6806993729
3	0.6767599228
4	0.6728940341
5	0.6689938426
6	0.66527257
7	0.6615449405
8	0.658084498
9	0.6546883308
10	0.6513729893
11	0.6481765792
12	0.6450850562
13	0.6420152483
14	0.6390539842
15	0.6359164092
16	0.6329658333
17	0.6300260445
18	0.6273846401
19	0.6248190269
20	0.6222864465
21	0.6198501744
