model,test_auc,test_f1,test_acc,test_brier,test_logloss
catboost cv mean,0.8369300676713468,0.7703549060542797,0.7525309336332958,0.16365078381111775,0.494654832200385
