model,test_auc,test_f1,test_acc,auc_minus_baseline
logistic baseline,0.8250424075278727,0.7726194510335479,0.7484064491938508,0.0
catboost tuned,0.8224369703294121,0.7679238871899422,0.7439070116235471,-0.002605437198460625
